<?xml version="1.0" encoding="UTF-8"?>
<project-private xmlns="http://www.netbeans.org/ns/project-private/1">
    <editor-bookmarks xmlns="http://www.netbeans.org/ns/editor-bookmarks/2" lastBookmarkId="0"/>
    <open-files xmlns="http://www.netbeans.org/ns/projectui-open-files/2">
        <group>
            <file>file:/C:/Users/ASUS/Documents/NetBeansProjects/PenyewaanLapanganFutsal/src/penyewaanlapanganfutsal/Home.java</file>
            <file>file:/C:/Users/ASUS/Documents/NetBeansProjects/PenyewaanLapanganFutsal/src/penyewaanlapanganfutsal/Pembayaran.java</file>
            <file>file:/C:/Users/ASUS/Documents/NetBeansProjects/PenyewaanLapanganFutsal/src/penyewaanlapanganfutsal/Login.java</file>
            <file>file:/C:/Users/ASUS/Documents/NetBeansProjects/PenyewaanLapanganFutsal/src/penyewaanlapanganfutsal/RegisterMember.java</file>
            <file>file:/C:/Users/ASUS/Documents/NetBeansProjects/PenyewaanLapanganFutsal/src/penyewaanlapanganfutsal/Pemesanan.java</file>
        </group>
    </open-files>
</project-private>
